{
	"overrides": [
		{
			"model": "mcpppp_fde786f5:temp_models/axolotl_bucket/axolotl_bucket_blue",
			"predicate": {
				"nbt": {
					"Variant": "4"
				}
			}
		},
		{
			"model": "mcpppp_fde786f5:temp_models/axolotl_bucket/axolotl_bucket_cyan",
			"predicate": {
				"nbt": {
					"Variant": "3"
				}
			}
		},
		{
			"model": "mcpppp_fde786f5:temp_models/axolotl_bucket/axolotl_bucket_gold",
			"predicate": {
				"nbt": {
					"Variant": "2"
				}
			}
		},
		{
			"model": "mcpppp_fde786f5:temp_models/axolotl_bucket/axolotl_bucket_lucy",
			"predicate": {
				"nbt": {
					"Variant": "0"
				}
			}
		},
		{
			"model": "mcpppp_fde786f5:temp_models/axolotl_bucket/axolotl_bucket_wild",
			"predicate": {
				"nbt": {
					"Variant": "1"
				}
			}
		}
	],
	"parent": "minecraft:item/generated",
	"textures": {
		"layer0": "mcpppp_fde786f5:item/axolotl_bucket/axolotl_bucket_blue"
	}
}
