{
	"overrides": [
		{
			"model": "mcpppp_fde786f5:temp_models/enchanted_book/.big_enchanted_book",
			"predicate": {
				"nbt": {
					"StoredEnchantments": {
						"0": {
							"id": "/.*/"
						}
					}
				}
			}
		},
		{
			"model": "mcpppp_fde786f5:temp_models/enchanted_book/.big_enchanted_book",
			"predicate": {
				"nbt": {
					"StoredEnchantments": {
						"1": {
							"id": "/.*/"
						}
					}
				}
			}
		},
		{
			"model": "mcpppp_fde786f5:temp_models/enchanted_book/aqua_affinity",
			"predicate": {
				"nbt": {
					"Enchantments": [
						{
							"id": "minecraft:aqua_affinity"
						}
					]
				}
			}
		},
		{
			"model": "mcpppp_fde786f5:temp_models/enchanted_book/bane_of_arthropods",
			"predicate": {
				"nbt": {
					"Enchantments": [
						{
							"id": "minecraft:bane_of_arthropods"
						}
					]
				}
			}
		},
		{
			"model": "mcpppp_fde786f5:temp_models/enchanted_book/binding_curse",
			"predicate": {
				"nbt": {
					"Enchantments": [
						{
							"id": "minecraft:binding_curse"
						}
					]
				}
			}
		},
		{
			"model": "mcpppp_fde786f5:temp_models/enchanted_book/blast_protection",
			"predicate": {
				"nbt": {
					"Enchantments": [
						{
							"id": "minecraft:blast_protection"
						}
					]
				}
			}
		},
		{
			"model": "mcpppp_fde786f5:temp_models/enchanted_book/channeling",
			"predicate": {
				"nbt": {
					"Enchantments": [
						{
							"id": "minecraft:channeling"
						}
					]
				}
			}
		},
		{
			"model": "mcpppp_fde786f5:temp_models/enchanted_book/depth_strider",
			"predicate": {
				"nbt": {
					"Enchantments": [
						{
							"id": "minecraft:depth_strider"
						}
					]
				}
			}
		},
		{
			"model": "mcpppp_fde786f5:temp_models/enchanted_book/efficiency",
			"predicate": {
				"nbt": {
					"Enchantments": [
						{
							"id": "minecraft:efficiency"
						}
					]
				}
			}
		},
		{
			"model": "mcpppp_fde786f5:temp_models/enchanted_book/feather_falling",
			"predicate": {
				"nbt": {
					"Enchantments": [
						{
							"id": "minecraft:feather_falling"
						}
					]
				}
			}
		},
		{
			"model": "mcpppp_fde786f5:temp_models/enchanted_book/fire_aspect",
			"predicate": {
				"nbt": {
					"Enchantments": [
						{
							"id": "minecraft:fire_aspect"
						}
					]
				}
			}
		},
		{
			"model": "mcpppp_fde786f5:temp_models/enchanted_book/fire_protection",
			"predicate": {
				"nbt": {
					"Enchantments": [
						{
							"id": "minecraft:fire_protection"
						}
					]
				}
			}
		},
		{
			"model": "mcpppp_fde786f5:temp_models/enchanted_book/flame",
			"predicate": {
				"nbt": {
					"Enchantments": [
						{
							"id": "minecraft:flame"
						}
					]
				}
			}
		},
		{
			"model": "mcpppp_fde786f5:temp_models/enchanted_book/fortune",
			"predicate": {
				"nbt": {
					"Enchantments": [
						{
							"id": "minecraft:fortune"
						}
					]
				}
			}
		},
		{
			"model": "mcpppp_fde786f5:temp_models/enchanted_book/frost_walker",
			"predicate": {
				"nbt": {
					"Enchantments": [
						{
							"id": "minecraft:frost_walker"
						}
					]
				}
			}
		},
		{
			"model": "mcpppp_fde786f5:temp_models/enchanted_book/impaling",
			"predicate": {
				"nbt": {
					"Enchantments": [
						{
							"id": "minecraft:impaling"
						}
					]
				}
			}
		},
		{
			"model": "mcpppp_fde786f5:temp_models/enchanted_book/infinity",
			"predicate": {
				"nbt": {
					"Enchantments": [
						{
							"id": "minecraft:infinity"
						}
					]
				}
			}
		},
		{
			"model": "mcpppp_fde786f5:temp_models/enchanted_book/knockback",
			"predicate": {
				"nbt": {
					"Enchantments": [
						{
							"id": "minecraft:knockback"
						}
					]
				}
			}
		},
		{
			"model": "mcpppp_fde786f5:temp_models/enchanted_book/looting",
			"predicate": {
				"nbt": {
					"Enchantments": [
						{
							"id": "minecraft:looting"
						}
					]
				}
			}
		},
		{
			"model": "mcpppp_fde786f5:temp_models/enchanted_book/loyalty",
			"predicate": {
				"nbt": {
					"Enchantments": [
						{
							"id": "minecraft:loyalty"
						}
					]
				}
			}
		},
		{
			"model": "mcpppp_fde786f5:temp_models/enchanted_book/luck_of_the_sea",
			"predicate": {
				"nbt": {
					"Enchantments": [
						{
							"id": "minecraft:luck_of_the_sea"
						}
					]
				}
			}
		},
		{
			"model": "mcpppp_fde786f5:temp_models/enchanted_book/lure",
			"predicate": {
				"nbt": {
					"Enchantments": [
						{
							"id": "minecraft:lure"
						}
					]
				}
			}
		},
		{
			"model": "mcpppp_fde786f5:temp_models/enchanted_book/mending",
			"predicate": {
				"nbt": {
					"Enchantments": [
						{
							"id": "minecraft:mending"
						}
					]
				}
			}
		},
		{
			"model": "mcpppp_fde786f5:temp_models/enchanted_book/multishot",
			"predicate": {
				"nbt": {
					"Enchantments": [
						{
							"id": "minecraft:multishot"
						}
					]
				}
			}
		},
		{
			"model": "mcpppp_fde786f5:temp_models/enchanted_book/piercing",
			"predicate": {
				"nbt": {
					"Enchantments": [
						{
							"id": "minecraft:piercing"
						}
					]
				}
			}
		},
		{
			"model": "mcpppp_fde786f5:temp_models/enchanted_book/power",
			"predicate": {
				"nbt": {
					"Enchantments": [
						{
							"id": "minecraft:power"
						}
					]
				}
			}
		},
		{
			"model": "mcpppp_fde786f5:temp_models/enchanted_book/projectile_protection",
			"predicate": {
				"nbt": {
					"Enchantments": [
						{
							"id": "minecraft:projectile_protection"
						}
					]
				}
			}
		},
		{
			"model": "mcpppp_fde786f5:temp_models/enchanted_book/protection",
			"predicate": {
				"nbt": {
					"Enchantments": [
						{
							"id": "minecraft:protection"
						}
					]
				}
			}
		},
		{
			"model": "mcpppp_fde786f5:temp_models/enchanted_book/punch",
			"predicate": {
				"nbt": {
					"Enchantments": [
						{
							"id": "minecraft:punch"
						}
					]
				}
			}
		},
		{
			"model": "mcpppp_fde786f5:temp_models/enchanted_book/quick_charge",
			"predicate": {
				"nbt": {
					"Enchantments": [
						{
							"id": "minecraft:quick_charge"
						}
					]
				}
			}
		},
		{
			"model": "mcpppp_fde786f5:temp_models/enchanted_book/respiration",
			"predicate": {
				"nbt": {
					"Enchantments": [
						{
							"id": "minecraft:respiration"
						}
					]
				}
			}
		},
		{
			"model": "mcpppp_fde786f5:temp_models/enchanted_book/riptide",
			"predicate": {
				"nbt": {
					"Enchantments": [
						{
							"id": "minecraft:riptide"
						}
					]
				}
			}
		},
		{
			"model": "mcpppp_fde786f5:temp_models/enchanted_book/sharpness",
			"predicate": {
				"nbt": {
					"Enchantments": [
						{
							"id": "minecraft:sharpness"
						}
					]
				}
			}
		},
		{
			"model": "mcpppp_fde786f5:temp_models/enchanted_book/silk_touch",
			"predicate": {
				"nbt": {
					"Enchantments": [
						{
							"id": "minecraft:silk_touch"
						}
					]
				}
			}
		},
		{
			"model": "mcpppp_fde786f5:temp_models/enchanted_book/smite",
			"predicate": {
				"nbt": {
					"Enchantments": [
						{
							"id": "minecraft:smite"
						}
					]
				}
			}
		},
		{
			"model": "mcpppp_fde786f5:temp_models/enchanted_book/soul_speed",
			"predicate": {
				"nbt": {
					"Enchantments": [
						{
							"id": "minecraft:soul_speed"
						}
					]
				}
			}
		},
		{
			"model": "mcpppp_fde786f5:temp_models/enchanted_book/sweeping",
			"predicate": {
				"nbt": {
					"Enchantments": [
						{
							"id": "minecraft:sweeping"
						}
					]
				}
			}
		},
		{
			"model": "mcpppp_fde786f5:temp_models/enchanted_book/swift_sneak",
			"predicate": {
				"nbt": {
					"Enchantments": [
						{
							"id": "minecraft:swift_sneak"
						}
					]
				}
			}
		},
		{
			"model": "mcpppp_fde786f5:temp_models/enchanted_book/thorns",
			"predicate": {
				"nbt": {
					"Enchantments": [
						{
							"id": "minecraft:thorns"
						}
					]
				}
			}
		},
		{
			"model": "mcpppp_fde786f5:temp_models/enchanted_book/unbreaking",
			"predicate": {
				"nbt": {
					"Enchantments": [
						{
							"id": "minecraft:unbreaking"
						}
					]
				}
			}
		},
		{
			"model": "mcpppp_fde786f5:temp_models/enchanted_book/vanishing_curse",
			"predicate": {
				"nbt": {
					"Enchantments": [
						{
							"id": "minecraft:vanishing_curse"
						}
					]
				}
			}
		}
	],
	"parent": "minecraft:item/generated",
	"textures": {
		"layer0": "mcpppp_fde786f5:item/enchanted_book/.big_enchanted_book"
	}
}
